{"desktopweb":{"platform":"desktopweb","indexjl":"js","appName":"TechnipAdmin","buildWar":"false","librarymode":"css","devicemessage":"Unknown Error Occurred <br/> Contact System Admin","deviceexception":"This device is currently not supported","importjsfiles":[],"javascripterrormsg":"To use this site, first enable your browser's JavaScript support and then refresh this page.","version":"1.0.0","category":"desktopweb/","bgcolor":"#ffffff","cssLazyLoad":true,"customFontsList":["FontAwesome","WorkSans-Medium","WorkSans-Regular","WorkSans-SemiBold"],"customFontsUrlList":["url('desktopweb/FontAwesome.ttf'), url('desktopweb/FontAwesome.eot')","url('desktopweb/WorkSans-Medium.ttf'), url('desktopweb/WorkSans-Medium.eot')","url('desktopweb/WorkSans-Regular.ttf'), url('desktopweb/WorkSans-Regular.eot')","url('desktopweb/WorkSans-SemiBold.ttf'), url('desktopweb/WorkSans-SemiBold.eot')"],"fontsObj":{"FontAwesome":"url('desktopweb/FontAwesome.ttf'), url('desktopweb/FontAwesome.eot')","WorkSans-Medium":"url('desktopweb/WorkSans-Medium.ttf'), url('desktopweb/WorkSans-Medium.eot')","WorkSans-Regular":"url('desktopweb/WorkSans-Regular.ttf'), url('desktopweb/WorkSans-Regular.eot')","WorkSans-SemiBold":"url('desktopweb/WorkSans-SemiBold.ttf'), url('desktopweb/WorkSans-SemiBold.eot')"},"style":"width: 100%; margin: 0px; padding: 0px;","bodyalign":"left","bodyAttrs":"style = \"width: 100%; margin: 0px; padding: 0px;\"  aria-busy=\"true\" aria-live=\"polite\" aria-relevant=\"additions\" aria-atomic=\"false\"","enablexfsdw":false,"enablexfs":"false","isDebug":"false","csslist":[],"jslist":[],"enableViewportZooming":false,"webcsslist":[],"webjslist":[],"webheadertags":[],"htmlAttrs":"","ieMetaTag":"<meta http-equiv=\"X-UA-Compatble\" content=\"IE=edge\">","headPageFileName":"774418070/desktopweb/head.html","bodyPageFileName":"774418070/desktopweb/body.html","baseTag":"<base href= \"/apps/TechnipAdmin/774418070/\" target = \"_blank\"/>","baseLocalTag":"<base href= \"./\" target = \"_blank\"/>"},"indexPage":{"headPageFileName":"774418070/desktopweb/head.html","bodyPageFileName":"774418070/desktopweb/body.html","baseTag":"<base href= \"/apps/TechnipAdmin/774418070/\" target = \"_blank\"/>","ieMetaTag":"<meta http-equiv=\"X-UA-Compatble\" content=\"IE=edge\">","htmlAttrs":"","bodyAttrs":"style = \"width: 100%; margin: 0px; padding: 0px;\"  aria-busy=\"true\" aria-live=\"polite\" aria-relevant=\"additions\" aria-atomic=\"false\""},"appconfig":{"buildoption":"debug","applocales":"","spa":"desktopweb","appid":"TechnipAdmin","devicedblookup":"false","smsecure":"","cacheId":"774418070","cacheUrl":"TechnipAdmin/774418070"}}